City_ID,City,Country,Date,Lat,Lng,Max Temp,Humidity,Cloudiness,Wind Speed
0,Huarmey,PE,2022-07-30 18:04:38,-10.0681,-78.1522,68.11,70,94,9.01
1,Avarua,CK,2022-07-30 18:04:39,-21.2078,-159.775,75.25,83,75,12.66
2,Lahij,YE,2022-07-30 18:04:39,13.1667,44.5833,88.32,48,39,2.77
3,Tuktoyaktuk,CA,2022-07-30 18:04:40,69.4541,-133.0374,38.84,70,86,0.92
4,Bengkulu,ID,2022-07-30 18:04:40,-3.8004,102.2655,77.36,84,100,3.58
5,Punta Arenas,CL,2022-07-30 18:04:40,-53.15,-70.9167,46.51,61,75,24.16
6,Rikitea,PF,2022-07-30 18:04:41,-23.1203,-134.9692,72.93,74,23,16.58
7,Awjilah,LY,2022-07-30 18:04:41,29.1081,21.2869,91.85,15,0,6.29
8,Bluff,NZ,2022-07-30 18:01:11,-46.6,168.3333,37.8,69,85,12.59
9,Hilo,US,2022-07-30 18:04:42,19.7297,-155.09,82.27,90,40,9.22
10,Chazuta,PE,2022-07-30 18:04:42,-6.5742,-76.1367,90.45,43,10,1.36
11,Hithadhoo,MV,2022-07-30 18:04:43,-0.6,73.0833,81.73,74,100,16.46
12,Tual,ID,2022-07-30 18:04:43,-5.6667,132.75,79.0,85,71,19.06
13,Port Moresby,PG,2022-07-30 18:04:43,-9.4431,147.1797,74.32,91,51,10.25
14,Sitka,US,2022-07-30 18:04:44,57.0531,-135.33,60.69,88,100,3.44
15,Susuman,RU,2022-07-30 18:04:44,62.7833,148.1667,55.83,59,95,5.48
16,Nuevitas,CU,2022-07-30 18:04:45,21.5453,-77.2644,86.63,58,15,15.12
17,Houma,US,2022-07-30 18:04:45,29.5958,-90.7195,89.01,71,0,5.99
18,Praia,CV,2022-07-30 18:04:46,14.9215,-23.5087,78.62,78,98,8.88
19,Atikokan,CA,2022-07-30 18:04:46,48.7555,-91.6216,79.93,36,0,10.0
20,Kuvandyk,RU,2022-07-30 18:04:46,51.4781,57.3552,65.05,65,77,7.25
21,Tamworth,GB,2022-07-30 18:04:47,52.634,-1.6959,71.78,76,95,5.01
22,Tura,IN,2022-07-30 18:04:47,25.5198,90.2201,74.39,97,99,5.57
23,Butaritari,KI,2022-07-30 18:04:48,3.0707,172.7902,81.18,71,48,16.53
24,Coquimbo,CL,2022-07-30 18:04:15,-29.9533,-71.3436,56.93,82,75,11.5
25,Mar Del Plata,AR,2022-07-30 18:00:06,-38.0023,-57.5575,55.94,65,45,5.01
26,Broome,US,2022-07-30 18:04:48,42.2506,-75.833,81.63,54,75,11.5
27,Turukhansk,RU,2022-07-30 18:04:49,65.8167,87.9833,58.69,67,99,16.13
28,Castro,BR,2022-07-30 18:04:27,-24.7911,-50.0119,64.87,34,6,2.15
29,Busselton,AU,2022-07-30 18:04:49,-33.65,115.3333,52.21,67,93,4.52
30,Pevek,RU,2022-07-30 18:04:50,69.7008,170.3133,44.17,72,86,14.05
31,Ushuaia,AR,2022-07-30 18:00:25,-54.8,-68.3,40.05,89,46,7.47
32,Atuona,PF,2022-07-30 18:04:50,-9.8,-139.0333,76.82,76,8,15.86
33,Taksimo,RU,2022-07-30 18:03:47,56.3444,114.8794,60.84,86,94,2.89
34,Abu Dhabi,AE,2022-07-30 18:04:33,24.4667,54.3667,93.31,69,0,10.36
35,Chokurdakh,RU,2022-07-30 18:04:51,70.6333,147.9167,51.44,82,1,1.7
36,Panguna,PG,2022-07-30 18:04:51,-6.3164,155.4848,65.97,94,41,2.42
37,Hobart,AU,2022-07-30 18:00:19,-42.8794,147.3294,42.26,84,100,8.05
38,Flinders,AU,2022-07-30 18:04:52,-34.5833,150.8552,52.38,78,40,4.0
39,Kapaa,US,2022-07-30 18:04:53,22.0752,-159.319,80.92,79,0,11.5
40,Canora,CA,2022-07-30 18:04:53,51.6333,-102.4343,77.77,45,81,2.89
41,Saint-Philippe,RE,2022-07-30 18:04:53,-21.3585,55.7679,66.22,79,42,16.51
42,Mataura,NZ,2022-07-30 18:03:53,-46.1927,168.8643,37.47,98,71,3.36
43,Itacoatiara,BR,2022-07-30 18:00:11,-3.1431,-58.4442,86.58,59,54,3.13
44,Solnechnyy,RU,2022-07-30 18:05:54,50.7214,136.6319,60.6,90,18,6.46
45,Yellowknife,CA,2022-07-30 18:01:27,62.456,-114.3525,60.57,67,88,5.01
46,Puerto Ayora,EC,2022-07-30 18:05:55,-0.7393,-90.3518,78.76,84,83,5.01
47,Izumo,JP,2022-07-30 18:05:55,35.3667,132.7667,78.98,84,92,4.68
48,Severo-Kurilsk,RU,2022-07-30 18:05:55,50.6789,156.125,52.02,92,81,7.09
49,Port Alfred,ZA,2022-07-30 18:05:56,-33.5906,26.891,58.84,61,78,17.31
50,Garowe,SO,2022-07-30 18:05:22,8.4054,48.4845,86.29,34,81,16.84
51,San Luis,AR,2022-07-30 18:05:56,-33.295,-66.3356,68.36,19,22,1.34
52,La Ronge,CA,2022-07-30 18:03:10,55.1001,-105.2842,55.27,80,100,6.69
53,Iquique,CL,2022-07-30 18:02:51,-20.2208,-70.1431,64.24,65,22,5.26
54,Bitkine,TD,2022-07-30 18:05:57,11.9801,18.2138,80.62,66,100,3.4
55,Arraial Do Cabo,BR,2022-07-30 18:05:57,-22.9661,-42.0278,71.46,56,20,18.41
56,Saldanha,ZA,2022-07-30 18:05:58,-33.0117,17.9442,53.46,77,3,8.05
57,Norman Wells,CA,2022-07-30 18:05:58,65.282,-126.8329,57.97,61,89,3.27
58,Cidreira,BR,2022-07-30 18:05:59,-30.1811,-50.2056,60.3,58,1,5.28
59,Stroud,GB,2022-07-30 18:05:59,51.75,-2.2,71.85,77,40,9.22
60,Narsaq,GL,2022-07-30 18:05:59,60.9167,-46.05,62.82,71,25,7.63
61,Bustamante,MX,2022-07-30 18:06:00,26.5333,-100.5,94.89,27,1,13.85
62,Ponta Do Sol,PT,2022-07-30 18:06:00,32.6667,-17.1,79.0,76,0,4.34
63,Westport,US,2022-07-30 18:06:01,41.1415,-73.3579,88.74,45,75,11.5
64,Talnakh,RU,2022-07-30 18:06:01,69.4865,88.3972,49.5,69,48,14.58
65,Vao,NC,2022-07-30 18:06:01,-22.6667,167.4833,67.5,82,100,25.26
66,Albany,US,2022-07-30 18:03:52,42.6001,-73.9662,80.58,51,22,1.01
67,New Norfolk,AU,2022-07-30 18:06:02,-42.7826,147.0587,41.9,78,100,1.01
68,Vaini,TO,2022-07-30 18:06:02,-21.2,-175.2,76.51,84,32,15.99
69,Pisco,PE,2022-07-30 18:06:03,-13.7,-76.2167,64.45,72,0,9.22
70,Mackenzie,CA,2022-07-30 18:06:03,55.2999,-123.1698,78.93,45,6,1.43
71,Bathsheba,BB,2022-07-30 18:06:03,13.2167,-59.5167,86.61,86,75,18.41
72,Pacific Grove,US,2022-07-30 18:06:04,36.6177,-121.9166,72.21,86,40,9.22
73,Nanortalik,GL,2022-07-30 18:06:04,60.1432,-45.2371,46.47,87,16,10.8
74,Massaguet,TD,2022-07-30 18:06:05,12.4755,15.4365,79.07,65,79,7.78
75,Popondetta,PG,2022-07-30 18:06:05,-8.7537,148.2534,72.16,90,24,2.84
76,Luwuk,ID,2022-07-30 18:06:05,-0.9516,122.7875,75.65,91,80,3.96
77,Saskylakh,RU,2022-07-30 18:06:06,71.9167,114.0833,60.44,95,100,9.28
78,Tasiilaq,GL,2022-07-30 18:06:06,65.6145,-37.6368,48.36,65,11,1.81
79,Zemio,CF,2022-07-30 18:06:07,5.0314,25.1361,70.02,96,98,2.66
80,Praya,CV,2022-07-30 18:04:46,14.9215,-23.5087,78.62,78,98,8.88
81,Vlissingen,NL,2022-07-30 18:06:07,51.4425,3.5736,74.98,62,100,11.5
82,Belfast,GB,2022-07-30 18:01:38,54.5833,-5.9333,64.99,88,100,9.22
83,Longyearbyen,SJ,2022-07-30 18:02:06,78.2186,15.6401,49.84,87,75,3.44
84,Upernavik,GL,2022-07-30 18:06:08,72.7868,-56.1549,44.69,79,95,7.18
85,Komsomolskiy,UZ,2022-07-30 18:06:08,40.4272,71.7189,86.72,23,99,16.11
86,College,US,2022-07-30 18:06:09,64.8569,-147.8028,65.8,57,75,3.44
87,Kenai,US,2022-07-30 18:02:51,60.5544,-151.2583,59.02,95,100,5.75
88,Derzhavinsk,KZ,2022-07-30 18:06:09,51.1,66.3167,66.22,67,95,12.1
89,Dingle,PH,2022-07-30 18:06:10,10.9995,122.6711,75.85,88,96,4.68
90,Qaanaaq,GL,2022-07-30 18:06:10,77.484,-69.3632,43.93,66,39,6.13
91,Provideniya,RU,2022-07-30 18:06:10,64.3833,-173.3,49.75,76,99,1.21
92,Churapcha,RU,2022-07-30 18:07:11,62.0025,132.4325,63.12,93,62,5.39
93,Cape Town,ZA,2022-07-30 18:05:02,-33.9258,18.4232,53.35,86,75,4.7
94,Jamestown,US,2022-07-30 18:07:11,42.097,-79.2353,75.52,56,75,12.66
95,Esik,KZ,2022-07-30 18:07:12,43.3552,77.4525,62.02,76,92,4.05
96,Severnyy,RU,2022-07-30 18:07:12,50.677,36.5532,71.64,49,0,4.47
97,Shimoda,JP,2022-07-30 18:07:13,34.6667,138.95,80.1,90,35,11.3
98,Dikson,RU,2022-07-30 18:07:13,73.5069,80.5464,40.48,91,69,13.13
99,Burns Lake,CA,2022-07-30 18:07:14,54.2331,-125.7533,78.39,36,0,3.02
100,Carnarvon,AU,2022-07-30 18:07:14,-24.8667,113.6333,62.28,59,65,16.84
101,Bethel,US,2022-07-30 18:07:14,41.3712,-73.414,86.58,45,40,13.8
102,East London,ZA,2022-07-30 18:07:15,-33.0153,27.9116,59.23,71,84,14.12
103,Barentu,ER,2022-07-30 18:07:15,15.1139,37.5928,72.28,81,97,6.93
104,Ampanihy,MG,2022-07-30 18:07:16,-24.7,44.75,68.31,76,66,3.33
105,Hermanus,ZA,2022-07-30 18:07:16,-34.4187,19.2345,48.79,80,97,7.94
106,Ginir,ET,2022-07-30 18:07:16,7.1333,40.7,59.58,74,64,8.7
107,Oga,IT,2022-07-30 18:07:17,46.4631,10.347,57.74,61,43,7.4
108,Fallon,US,2022-07-30 18:07:17,39.4735,-118.7774,98.92,11,20,0.0
109,Goderich,CA,2022-07-30 18:04:19,43.7501,-81.7165,70.92,70,29,7.0
110,Eyl,SO,2022-07-30 18:07:18,7.9803,49.8164,76.35,82,93,23.0
111,Port Elizabeth,ZA,2022-07-30 18:07:18,-33.918,25.5701,54.32,78,80,3.0
112,Los Alamos,US,2022-07-30 18:06:06,35.8881,-106.307,74.93,71,85,3.67
113,Chuy,UY,2022-07-30 18:07:19,-33.6971,-53.4616,59.59,57,0,1.54
114,Visakhapatnam,IN,2022-07-30 18:07:19,17.69,83.2093,84.09,89,40,5.75
115,Alofi,NU,2022-07-30 18:07:19,-19.0595,-169.9187,77.05,76,2,22.55
116,Watsa,CD,2022-07-30 18:07:20,3.0372,29.5355,64.29,95,99,0.54
117,Georgetown,MY,2022-07-30 18:07:07,5.4112,100.3354,82.33,89,20,3.44
118,Ucluelet,CA,2022-07-30 18:07:20,48.9329,-125.5528,57.51,64,0,4.12
119,Bredasdorp,ZA,2022-07-30 18:07:21,-34.5322,20.0403,49.35,89,94,6.98
120,Manokwari,ID,2022-07-30 18:07:21,-0.8667,134.0833,79.81,71,99,6.89
121,Namibe,AO,2022-07-30 18:07:22,-15.1961,12.1522,61.9,86,7,5.44
122,Esperance,AU,2022-07-30 18:07:22,-33.8667,121.9,47.95,76,90,18.32
123,Buchanan,LR,2022-07-30 18:07:22,5.8808,-10.0467,77.04,74,99,7.83
124,Mackay,AU,2022-07-30 18:07:23,-21.15,149.2,66.69,84,75,19.19
125,Vardo,NO,2022-07-30 18:07:23,70.3705,31.1107,49.98,93,100,13.8
126,Khatanga,RU,2022-07-30 18:07:24,71.9667,102.5,56.32,93,63,4.34
127,Nelson Bay,AU,2022-07-30 18:07:24,-32.7167,152.15,51.01,97,9,3.0
128,Aykhal,RU,2022-07-30 18:07:24,66.0,111.5,63.39,83,100,3.89
129,Ostrovnoy,RU,2022-07-30 18:07:25,68.0531,39.5131,53.64,97,81,4.47
130,Cap Malheureux,MU,2022-07-30 18:07:25,-19.9842,57.6142,69.48,73,53,8.99
131,Iskateley,RU,2022-07-30 18:07:26,67.6803,53.1512,59.74,61,68,10.96
132,Hasaki,JP,2022-07-30 18:07:26,35.7333,140.8333,77.29,92,11,9.13
133,Teguldet,RU,2022-07-30 18:07:26,57.3064,88.1667,64.04,92,100,3.56
134,Faanui,PF,2022-07-30 18:07:27,-16.4833,-151.75,79.2,71,4,24.76
135,Cayenne,GF,2022-07-30 18:07:27,4.9333,-52.3333,87.84,7,75,7.0
136,Jinchang,CN,2022-07-30 18:07:28,38.4953,102.1739,76.05,41,92,6.26
137,Geraldton,AU,2022-07-30 18:07:28,-28.7667,114.6,54.01,82,100,6.91
138,San Patricio,US,2022-07-30 18:07:28,28.017,-97.5169,96.17,39,38,14.99
139,Kabalo,CD,2022-07-30 18:07:29,-6.05,26.9167,83.57,43,47,3.96
140,Ola,RU,2022-07-30 18:08:29,59.5833,151.2833,52.14,83,99,3.24
141,Barrow,US,2022-07-30 18:08:30,71.2906,-156.7887,38.26,83,100,7.96
142,Vung Tau,VN,2022-07-30 18:08:30,10.346,107.0843,82.13,83,100,13.44
143,San Quintin,MX,2022-07-30 18:08:30,30.4833,-115.95,74.53,61,25,9.06
144,Arman,RU,2022-07-30 18:08:31,59.7,150.1667,52.02,91,45,3.27
145,Sungairaya,ID,2022-07-30 18:08:31,0.7,108.9,76.82,90,100,3.98
146,Susanville,US,2022-07-30 18:08:32,40.4163,-120.653,94.12,19,0,4.61
147,Stornoway,GB,2022-07-30 18:08:32,58.2093,-6.3865,59.04,67,91,11.5
148,Lumeje,AO,2022-07-30 18:08:32,-11.55,20.7833,69.67,19,0,4.9
149,Krasnoyarskiy,RU,2022-07-30 18:08:33,51.965,59.8967,64.58,69,88,5.23
150,Lompoc,US,2022-07-30 18:08:33,34.6391,-120.4579,83.01,67,0,5.75
151,Isiro,CD,2022-07-30 18:08:33,2.7739,27.616,67.68,95,99,1.5
152,Portland,US,2022-07-30 18:06:10,45.5234,-122.6762,89.56,57,40,6.91
153,Cabo San Lucas,MX,2022-07-30 18:07:58,22.8909,-109.9124,92.17,45,40,13.8
154,Seoul,KR,2022-07-30 18:05:32,37.5683,126.9778,80.04,82,92,3.47
155,Schattdorf,CH,2022-07-30 18:08:34,46.8655,8.6547,74.52,72,45,2.53
156,San Rafael,AR,2022-07-30 18:08:35,-34.6177,-68.3301,62.42,26,84,11.81
157,Rawlins,US,2022-07-30 18:07:00,41.7911,-107.2387,84.09,20,0,13.8
158,Vila Franca Do Campo,PT,2022-07-30 18:08:35,37.7167,-25.4333,73.81,68,82,4.88
159,Cravo Norte,CO,2022-07-30 18:08:36,6.3017,-70.2041,86.41,65,29,2.46
160,Paamiut,GL,2022-07-30 18:08:36,61.994,-49.6678,42.71,96,96,8.93
161,Wamba,NG,2022-07-30 18:08:36,8.9333,8.6,72.28,92,100,1.12
162,Teodoro Sampaio,BR,2022-07-30 18:04:45,-22.5325,-52.1675,78.21,17,1,1.9
163,Hof,DE,2022-07-30 18:08:37,50.3167,11.9167,66.47,80,100,4.61
164,Lakhimpur,IN,2022-07-30 18:08:37,27.95,80.7667,83.28,77,91,2.84
165,Sarh,TD,2022-07-30 18:08:38,9.1429,18.3923,73.18,92,55,3.29
166,Zapolyarnyy,RU,2022-07-30 18:08:38,69.4154,30.8136,49.28,96,100,14.61
167,Wanning,CN,2022-07-30 18:08:38,18.8003,110.3967,81.18,84,43,6.13
168,Norwich,GB,2022-07-30 18:07:00,52.6278,1.2983,77.18,58,20,12.66
169,Iwanai,JP,2022-07-30 18:08:39,42.9744,140.5089,69.89,88,24,2.44
170,Lyubashivka,UA,2022-07-30 18:08:39,47.8372,30.2598,77.68,30,48,8.14
171,Shwebo,MM,2022-07-30 18:08:40,22.5667,95.7,84.76,68,100,3.2
172,Krasnoselkup,RU,2022-07-30 18:08:40,65.7,82.4667,56.52,62,71,18.66
173,Vitina,BA,2022-07-30 18:08:40,43.2375,17.4839,82.42,61,16,3.53
174,Scottsboro,US,2022-07-30 18:08:41,34.6723,-86.0341,90.66,70,40,5.75
175,Macau,MO,2022-07-30 18:08:41,22.2006,113.5461,86.86,89,20,0.0
176,Burnie,AU,2022-07-30 18:08:42,-41.0667,145.9167,44.94,73,100,11.3
177,Mtambile,TZ,2022-07-30 18:08:42,-5.3833,39.7,74.37,85,9,9.69
178,Tolaga Bay,NZ,2022-07-30 18:05:59,-38.3667,178.3,55.9,78,27,15.19
179,Iquitos,PE,2022-07-30 18:08:42,-3.7481,-73.2472,89.64,55,75,2.3
180,Lodwar,KE,2022-07-30 18:08:43,3.1191,35.5973,85.23,39,43,8.03
181,Ocean Springs,US,2022-07-30 18:08:43,30.4113,-88.8278,83.01,74,0,5.75
182,Lithakia,GR,2022-07-30 18:03:49,37.7167,20.8333,90.68,27,0,9.22
183,Kodiak,US,2022-07-30 18:08:44,57.79,-152.4072,56.71,88,100,5.75
184,Svetlogorsk,BY,2022-07-30 18:08:44,52.6333,29.7333,65.21,75,94,7.07
185,Coahuayana,MX,2022-07-30 18:08:45,18.7333,-103.6833,90.79,53,97,5.21
186,Mkushi,ZM,2022-07-30 18:08:45,-13.6202,29.3939,59.61,52,4,6.11
187,Pandan,PH,2022-07-30 18:08:45,14.0453,124.1694,79.84,85,100,9.01
188,Zwedru,LR,2022-07-30 18:08:46,6.0667,-8.1281,77.4,72,93,4.14
189,Katsuura,JP,2022-07-30 18:09:46,35.1333,140.3,79.54,88,3,12.84
190,Nabire,ID,2022-07-30 18:09:46,-3.3667,135.4833,74.59,93,99,3.51
191,Wadowice,PL,2022-07-30 18:09:47,49.8834,19.4929,67.51,97,100,1.99
192,Yumen,CN,2022-07-30 18:09:47,40.2833,97.2,79.63,24,38,5.59
193,Salalah,OM,2022-07-30 18:09:48,17.0151,54.0924,77.09,94,75,4.61
194,San Ramon,US,2022-07-30 18:05:19,37.7799,-121.978,78.82,68,0,10.36
195,Clyde River,CA,2022-07-30 18:09:48,70.4692,-68.5914,39.43,100,100,9.22
196,Ismailia,EG,2022-07-30 18:09:48,30.6043,32.2723,81.32,55,0,10.47
197,Haines Junction,CA,2022-07-30 18:09:49,60.7522,-137.5108,63.82,61,98,4.07
198,Allen,US,2022-07-30 18:09:49,41.0706,-85.0144,81.18,52,40,3.44
199,Melbu,NO,2022-07-30 18:09:50,68.5044,14.8297,64.22,63,5,5.75
200,Belmonte,BR,2022-07-30 18:09:50,-15.8631,-38.8828,79.72,70,3,11.18
201,Isangel,VU,2022-07-30 18:09:51,-19.55,169.2667,69.4,92,100,4.92
202,Cherskiy,RU,2022-07-30 18:09:51,68.75,161.3,51.94,61,100,14.81
203,Qui Nhon,VN,2022-07-30 18:09:51,13.7667,109.2333,79.18,86,100,4.92
204,Margate,GB,2022-07-30 18:09:52,51.3813,1.3862,76.87,67,94,4.0
205,Homer,US,2022-07-30 18:09:52,59.6425,-151.5483,57.78,92,100,4.61
206,Airai,TL,2022-07-30 18:09:52,-8.9266,125.4092,55.85,92,68,3.15
207,Kiruna,SE,2022-07-30 18:09:53,67.8557,20.2251,61.72,39,3,8.05
208,Inhambane,MZ,2022-07-30 18:09:53,-23.865,35.3833,67.6,75,27,9.13
209,Camacha,PT,2022-07-30 18:09:54,33.0833,-16.3333,71.02,73,40,16.11
210,Rosetown,CA,2022-07-30 18:09:54,51.5501,-108.0014,69.66,70,96,9.6
211,Klaksvik,FO,2022-07-30 18:09:54,62.2266,-6.589,50.92,84,79,20.58
212,Sao Miguel Do Araguaia,BR,2022-07-30 18:07:05,-13.275,-50.1628,95.11,12,30,4.09
213,Baherden,TM,2022-07-30 18:09:55,38.4362,57.4316,88.79,43,26,3.2
214,Dalnerechensk,RU,2022-07-30 18:09:55,45.9339,133.7225,71.26,99,76,8.61
215,Crossville,US,2022-07-30 18:05:14,35.949,-85.0269,83.1,75,100,1.01
216,Punta De Bombon,PE,2022-07-30 18:09:56,-17.1717,-71.7931,62.56,70,92,6.69
217,Mahajanga,MG,2022-07-30 18:09:56,-15.7167,46.3167,73.6,70,25,4.76
218,Krasnokamensk,RU,2022-07-30 18:09:57,50.0979,118.0369,62.44,97,100,4.47
219,Victoria,HK,2022-07-30 18:07:55,22.2855,114.1577,86.38,85,30,1.99
220,Pangody,RU,2022-07-30 18:09:57,65.85,74.4859,54.32,60,1,13.58
221,Kahului,US,2022-07-30 18:09:58,20.8947,-156.47,80.62,61,20,0.0
222,Kaputa,ZM,2022-07-30 18:09:58,-8.4689,29.6619,73.26,47,49,4.76
223,Ribeira Grande,PT,2022-07-30 18:09:58,38.5167,-28.7,77.4,69,75,10.36
224,Kiama,AU,2022-07-30 18:09:59,-34.6833,150.8667,52.57,76,42,5.01
225,Saint Anthony,US,2022-07-30 18:09:59,45.0205,-93.218,87.04,49,0,13.8
226,Sakakah,SA,2022-07-30 18:10:00,29.9697,40.2064,99.07,8,3,12.35
227,Wajir,KE,2022-07-30 18:10:00,1.7471,40.0573,84.31,41,79,19.77
228,Boden,SE,2022-07-30 18:10:00,65.8252,21.6886,64.4,61,43,3.6
229,Victor Harbor,AU,2022-07-30 18:10:01,-35.5667,138.6167,53.67,57,100,15.21
230,Olafsvik,IS,2022-07-30 18:10:01,64.8945,-23.7142,50.56,62,19,10.58
231,Torbay,CA,2022-07-30 18:09:06,47.6666,-52.7314,67.39,94,100,17.27
232,Yarada,IN,2022-07-30 18:10:02,17.65,83.2667,84.52,89,40,5.75
233,Chapais,CA,2022-07-30 18:10:03,49.7834,-74.8492,66.88,64,99,10.0
234,Balikpapan,ID,2022-07-30 18:10:03,-1.2675,116.8289,76.19,100,40,6.91
235,Ixtapa,MX,2022-07-30 18:11:04,20.7,-105.2,86.23,70,75,3.0
236,Hualmay,PE,2022-07-30 18:11:04,-11.0964,-77.6139,67.55,69,25,8.39
237,Prince George,CA,2022-07-30 18:09:05,53.9166,-122.753,80.26,50,32,1.01
238,Hirado,JP,2022-07-30 18:11:05,33.3597,129.5531,82.38,84,96,17.56
239,Larsnes,NO,2022-07-30 18:11:05,62.2028,5.5773,64.81,81,93,11.61
240,Cayambe,EC,2022-07-30 18:11:06,0.05,-78.1333,67.26,56,46,6.42
241,Palana,RU,2022-07-30 18:11:06,59.1167,159.9667,46.51,83,97,6.11
242,Ancud,CL,2022-07-30 18:11:07,-41.8697,-73.8203,48.22,62,90,3.09
243,Harper,LR,2022-07-30 18:11:07,4.375,-7.7169,76.14,75,97,7.47
244,Okato,NZ,2022-07-30 18:11:08,-39.2,173.8833,50.18,80,99,1.01
245,Galesong,ID,2022-07-30 18:11:08,-5.3166,119.3661,75.22,81,92,7.7
246,Kopavogur,IS,2022-07-30 18:11:09,64.1123,-21.913,56.84,68,74,10.11
247,Amapa,BR,2022-07-30 18:11:09,1.0,-52.0,80.69,88,22,5.23
248,Scarborough,GB,2022-07-30 18:08:56,54.2797,-0.4044,66.78,86,98,5.01
249,Mahebourg,MU,2022-07-30 18:11:10,-20.4081,57.7,70.09,78,40,19.57
250,Whyalla,AU,2022-07-30 18:11:10,-33.0333,137.5833,56.34,41,100,27.2
251,Iqaluit,CA,2022-07-30 18:11:11,63.7506,-68.5145,40.73,93,100,3.44
252,Mount Isa,AU,2022-07-30 18:11:12,-20.7333,139.5,46.17,76,91,0.0
253,Soyo,AO,2022-07-30 18:11:12,-6.1349,12.3689,71.37,87,40,8.34
254,Natal,BR,2022-07-30 18:11:13,-5.795,-35.2094,79.45,83,75,8.05
255,Naushki,RU,2022-07-30 18:11:13,50.3828,106.1056,60.71,75,38,3.0
256,Lebu,CL,2022-07-30 18:11:13,-37.6167,-73.65,52.74,75,100,9.48
257,Gat,IL,2022-07-30 18:11:14,31.61,34.7642,82.81,100,2,5.88
258,Brighton,GB,2022-07-30 18:11:14,50.8284,-0.1395,75.61,83,20,18.41
259,Adrar,MR,2022-07-30 18:11:14,20.5022,-10.0711,95.9,30,80,10.29
260,Menongue,AO,2022-07-30 18:11:15,-14.6585,17.691,62.31,20,3,1.39
261,Itarema,BR,2022-07-30 18:11:15,-2.9248,-39.9167,83.88,67,32,15.52
262,Alyangula,AU,2022-07-30 18:11:16,-13.8483,136.4192,62.47,94,75,0.0
263,Baisha,CN,2022-07-30 18:11:17,26.5222,110.9311,75.94,73,28,2.17
264,Thompson,CA,2022-07-30 18:11:17,55.7435,-97.8558,68.23,34,100,7.94
265,Kurumkan,RU,2022-07-30 18:11:17,54.3,110.3,57.58,93,78,1.79
266,Romanovo,RU,2022-07-30 18:11:18,52.6182,81.2271,62.49,89,100,7.34
267,Olinda,BR,2022-07-30 18:09:44,-8.0089,-34.8553,74.93,88,100,4.61
268,Penne,IT,2022-07-30 18:11:18,42.4538,13.9299,75.49,76,62,4.36
269,Korla,CN,2022-07-30 18:11:19,41.7597,86.1469,76.73,38,31,1.83
270,Kuytun,RU,2022-07-30 18:11:19,54.3419,101.5036,59.18,98,100,8.52
271,Srandakan,ID,2022-07-30 18:11:20,-7.9386,110.2506,75.69,82,80,10.54
272,Dunedin,NZ,2022-07-30 18:10:28,-45.8742,170.5036,41.81,70,99,8.01
273,Fayaoue,NC,2022-07-30 18:11:21,-20.65,166.5333,71.69,81,100,30.82
274,Tezu,IN,2022-07-30 18:11:21,27.9167,96.1667,76.17,98,82,3.06
275,Rocha,UY,2022-07-30 18:11:21,-34.4833,-54.3333,61.7,54,0,4.12
276,Moree,AU,2022-07-30 18:08:38,-29.4667,149.85,46.08,76,99,9.08
277,Taoudenni,ML,2022-07-30 18:11:23,22.6783,-3.9836,107.22,17,37,5.97
278,Guasdualito,VE,2022-07-30 18:11:23,7.2424,-70.7324,84.69,70,54,2.71
279,Lagoa,PT,2022-07-30 18:11:24,39.05,-27.9833,73.44,67,0,3.69
280,Bull Savanna,JM,2022-07-30 18:11:24,17.8868,-77.5902,85.71,62,14,15.08
281,Kota Belud,MY,2022-07-30 18:12:25,6.351,116.4305,77.76,84,100,3.6
282,Lavrentiya,RU,2022-07-30 18:12:25,65.5833,-171.0,44.6,75,100,3.76
283,Marmaris,TR,2022-07-30 18:12:26,36.855,28.2742,82.35,68,0,4.09
284,Gumdag,TM,2022-07-30 18:12:26,39.2061,54.5906,85.32,45,1,13.02
285,Banff,CA,2022-07-30 18:12:27,51.1762,-115.5698,81.39,30,4,1.7
286,Mumford,GH,2022-07-30 18:12:27,5.2618,-0.759,74.79,83,93,13.82
287,Tocopilla,CL,2022-07-30 18:12:28,-22.092,-70.1979,63.95,70,33,5.64
288,Kuching,MY,2022-07-30 18:12:28,1.55,110.3333,75.42,94,20,1.14
289,Francistown,BW,2022-07-30 18:12:29,-21.17,27.5079,65.37,19,1,7.16
290,Husavik,IS,2022-07-30 18:12:29,66.0449,-17.3389,43.29,90,100,23.78
291,Ulladulla,AU,2022-07-30 18:12:30,-35.35,150.4667,43.77,74,56,7.16
292,Nikolskoye,RU,2022-07-30 18:11:31,59.7035,30.7861,62.49,86,12,4.92
293,Kiunga,PG,2022-07-30 18:12:31,-6.1219,141.2906,73.69,99,86,1.72
294,Lazaro Cardenas,MX,2022-07-30 18:07:35,17.9583,-102.2,88.27,54,92,6.51
295,Yulara,AU,2022-07-30 18:11:29,-25.2406,130.9889,59.83,41,100,8.21
296,Bom Jesus,BR,2022-07-30 18:12:32,-9.0744,-44.3586,100.53,20,16,2.68
297,Namatanai,PG,2022-07-30 18:11:43,-3.6667,152.4333,77.99,74,76,7.38
298,Leningradskiy,RU,2022-07-30 18:12:32,69.3833,178.4167,46.35,72,94,4.83
299,Chase,CA,2022-07-30 18:09:01,50.8165,-119.6857,86.07,37,2,0.98
300,Salisbury,GB,2022-07-30 18:08:22,51.0693,-1.7957,74.64,67,95,12.57
301,Sukhumi,GE,2022-07-30 18:12:33,43.0033,41.0153,73.53,91,15,1.05
302,Parnamirim,BR,2022-07-30 18:12:33,-5.9156,-35.2628,79.14,95,99,6.69
303,Walvis Bay,NA,2022-07-30 18:12:34,-22.9575,14.5053,56.08,82,8,16.53
304,Kraskino,RU,2022-07-30 18:12:34,42.7114,130.7794,71.94,99,69,2.3
305,Charters Towers,AU,2022-07-30 18:12:35,-20.1,146.2667,57.88,89,94,8.61
306,Lecce,IT,2022-07-30 18:12:35,40.2167,18.1667,86.86,56,3,7.56
307,Xifeng,CN,2022-07-30 18:12:35,42.7372,124.7222,71.22,92,35,2.42
308,Ugoofaaru,MV,2022-07-30 18:12:36,5.6667,73.0,79.52,85,97,16.24
309,Kindu,CD,2022-07-30 18:12:36,-2.95,25.95,73.49,75,80,3.11
310,Axim,GH,2022-07-30 18:12:37,4.8699,-2.2405,75.85,75,99,10.67
311,Kisangani,CD,2022-07-30 18:07:52,0.5167,25.2,73.08,82,75,0.87
312,Salvador,SV,2022-07-30 18:12:37,13.8333,-88.9167,85.05,55,25,1.39
313,Kamenka,RU,2022-07-30 18:12:38,51.3223,42.7678,71.8,57,81,9.4
314,Hachinohe,JP,2022-07-30 18:12:38,40.5,141.5,69.78,87,0,5.73
315,Kununurra,AU,2022-07-30 18:12:22,-15.7667,128.7333,53.58,87,24,0.0
316,Aquiraz,BR,2022-07-30 18:12:39,-3.9014,-38.3911,85.44,76,82,10.76
317,Colares,PT,2022-07-30 18:12:40,38.7992,-9.4469,92.39,48,0,10.36
318,Port-Cartier,CA,2022-07-30 18:12:40,50.0334,-66.8654,71.28,64,91,5.77
319,Black Diamond,US,2022-07-30 18:12:40,47.3087,-122.0032,89.47,56,0,1.99
320,Ahipara,NZ,2022-07-30 18:12:41,-35.1667,173.1667,52.88,80,53,15.55
321,Muroto,JP,2022-07-30 18:12:41,33.2833,134.15,80.53,83,87,6.22
322,Kita,ML,2022-07-30 18:12:42,13.0349,-9.4895,79.68,81,88,3.58
323,Acarigua,VE,2022-07-30 18:12:42,9.5545,-69.1956,84.65,65,5,4.94
324,Broken Hill,AU,2022-07-30 18:12:43,-31.95,141.4333,52.9,46,100,15.05
325,San Cristobal,VE,2022-07-30 18:12:43,7.7669,-72.225,84.69,45,47,8.14
326,Adra,ES,2022-07-30 18:12:44,36.7496,-3.0206,89.38,73,10,7.72
327,Turgutlu,TR,2022-07-30 18:12:44,38.4953,27.6997,82.58,39,0,4.25
328,Leeuwarden,NL,2022-07-30 18:13:44,53.2014,5.8086,70.11,71,100,5.75
329,Harlingen,US,2022-07-30 18:13:45,26.1906,-97.6961,96.71,67,20,10.36
330,Da Nang,VN,2022-07-30 18:11:54,16.0678,108.2208,80.58,78,20,4.61
331,Yerbogachen,RU,2022-07-30 18:13:45,61.2767,108.0108,58.84,94,66,3.76
332,Port Hedland,AU,2022-07-30 18:13:46,-20.3167,118.5667,64.45,63,96,0.0
333,Kankan,GN,2022-07-30 18:13:46,10.3854,-9.3057,78.4,83,88,3.53
334,Schrobenhausen,DE,2022-07-30 18:13:46,48.55,11.2667,76.39,23,40,6.91
335,Kungurtug,RU,2022-07-30 18:13:47,50.5994,97.5228,50.31,77,7,1.83
336,Trinidad,BO,2022-07-30 18:13:47,-14.8333,-64.9,84.18,32,44,4.61
337,Smithers,CA,2022-07-30 18:13:48,54.7804,-127.1743,75.52,60,20,4.61
338,Russell,US,2022-07-30 18:11:22,32.3502,-85.1999,92.12,62,20,9.22
339,Juegang,CN,2022-07-30 18:13:48,32.3174,121.1855,78.24,93,93,7.9
340,Halifax,CA,2022-07-30 18:11:22,44.6453,-63.5724,67.51,97,100,10.74
341,Gurun,MY,2022-07-30 18:13:49,5.8172,100.4738,81.73,91,100,2.3
342,Dongsheng,CN,2022-07-30 18:13:49,39.8161,109.9776,65.71,76,71,15.37
343,Hovd,MN,2022-07-30 18:13:50,48.0056,91.6419,69.01,33,15,6.38
344,Chumphon,TH,2022-07-30 18:11:58,10.3333,98.8333,73.22,96,100,1.88
345,Tungor,RU,2022-07-30 18:12:19,53.3808,142.9564,54.05,90,100,11.79
346,Maniitsoq,GL,2022-07-30 18:13:51,65.4167,-52.9,44.29,90,100,13.71
347,Lianran,CN,2022-07-30 18:13:52,24.9227,102.485,62.6,93,96,1.86
348,Nampula,MZ,2022-07-30 18:13:52,-15.1165,39.2666,69.75,78,20,8.05
349,Te Anau,NZ,2022-07-30 18:13:52,-45.4167,167.7167,29.68,94,53,0.31
350,Yar-Sale,RU,2022-07-30 18:13:53,66.8333,70.8333,51.84,66,2,11.18
351,Nueva Santa Rosa,GT,2022-07-30 18:13:53,14.3811,-90.2761,82.78,61,37,1.07
352,Port Lincoln,AU,2022-07-30 18:11:22,-34.7333,135.8667,53.47,84,100,11.97
353,Nome,US,2022-07-30 18:13:54,64.5011,-165.4064,55.47,55,0,8.05
354,Durham,US,2022-07-30 18:12:22,36.0335,-78.8664,94.42,55,75,6.91
355,Auki,SB,2022-07-30 18:13:55,-8.7676,160.7034,76.1,88,37,3.71
356,Huntington,US,2022-07-30 18:12:12,38.4193,-82.4452,81.34,60,0,0.0
357,Yenagoa,NG,2022-07-30 18:13:55,4.9247,6.2642,75.63,87,100,6.11
358,Coracao De Jesus,BR,2022-07-30 18:13:56,-16.6853,-44.365,86.95,19,1,7.67
359,Kruisfontein,ZA,2022-07-30 18:13:56,-34.0033,24.7314,52.3,66,22,13.98
360,Segezha,RU,2022-07-30 18:13:57,63.7415,34.3222,54.63,95,94,8.19
361,Gisborne,NZ,2022-07-30 18:13:11,-38.6533,178.0042,55.49,78,16,17.78
362,Fortuna,US,2022-07-30 18:13:57,40.5982,-124.1573,61.99,92,100,4.61
363,Samarai,PG,2022-07-30 18:11:28,-10.6167,150.6667,78.87,82,18,9.42
364,Pokhara,NP,2022-07-30 18:13:58,28.2333,83.9833,72.84,93,99,1.48
365,Ust-Tsilma,RU,2022-07-30 18:13:58,65.441,52.1498,65.84,86,100,6.87
366,Bajah,YE,2022-07-30 18:13:59,13.8141,44.6301,80.69,54,38,3.87
367,Akdepe,TM,2022-07-30 18:13:59,42.0551,59.3788,86.92,28,40,3.98
368,Sayanogorsk,RU,2022-07-30 18:14:00,53.0875,91.3997,62.02,91,51,5.35
369,Nyurba,RU,2022-07-30 18:14:00,63.2842,118.3319,60.98,96,59,2.68
370,Lodi,US,2022-07-30 18:14:00,38.1302,-121.2725,82.4,38,53,5.01
371,Curuguaty,PY,2022-07-30 18:14:01,-24.4694,-55.6945,74.25,24,9,3.06
372,Fairbanks,US,2022-07-30 18:14:52,64.8378,-147.7164,65.82,58,40,3.44
373,Benghazi,LY,2022-07-30 18:15:02,32.1167,20.0667,82.22,74,0,14.76
374,Nosy Varika,MG,2022-07-30 18:15:02,-20.5833,48.5333,67.6,85,1,5.77
375,Superior,US,2022-07-30 18:15:03,46.7208,-92.1041,84.96,46,0,13.8
376,Ishigaki,JP,2022-07-30 18:15:03,24.3448,124.1572,80.73,94,75,2.3
377,Mossendjo,CG,2022-07-30 18:15:04,-2.9506,12.7261,75.33,63,87,4.29
378,Jiwani,PK,2022-07-30 18:12:17,25.05,61.7417,81.12,80,90,9.8
379,Manicore,BR,2022-07-30 18:15:04,-5.8092,-61.3003,89.55,55,0,3.44
380,Sorland,NO,2022-07-30 18:15:05,67.667,12.6934,58.86,66,9,8.21
381,Katobu,ID,2022-07-30 18:15:05,-4.9408,122.5276,73.94,92,86,3.69
382,Mwinilunga,ZM,2022-07-30 18:15:06,-11.7358,24.4293,63.25,34,1,2.53
383,Hirara,JP,2022-07-30 18:15:06,24.8,125.2833,84.52,76,97,7.63
384,Karratha,AU,2022-07-30 18:15:07,-20.7377,116.8463,72.73,57,97,6.15
385,Quelimane,MZ,2022-07-30 18:15:07,-17.8786,36.8883,69.75,83,20,4.61
386,Pochutla,MX,2022-07-30 18:15:07,15.7432,-96.4661,91.81,53,96,4.32
387,Benalla,AU,2022-07-30 18:15:08,-36.55,145.9833,36.86,66,100,7.78
388,Mount Gambier,AU,2022-07-30 18:11:17,-37.8333,140.7667,47.88,73,100,11.79
389,Tolu,CO,2022-07-30 18:15:08,9.5239,-75.5814,88.84,66,17,1.77
390,Consolacion Del Sur,CU,2022-07-30 18:15:09,22.5047,-83.5136,88.41,55,76,13.85
391,Mandurah,AU,2022-07-30 18:15:10,-32.55,115.7,54.55,62,98,2.3
392,Fengrun,CN,2022-07-30 18:15:10,39.8333,118.1167,73.38,93,26,4.56
393,Sampit,ID,2022-07-30 18:15:11,-2.5333,112.95,73.44,100,100,2.13
394,Port-Gentil,GA,2022-07-30 18:14:18,-0.7193,8.7815,75.16,83,20,10.36
395,Porto Novo,BJ,2022-07-30 18:11:20,6.4965,2.6036,76.08,77,87,10.04
396,Xining,CN,2022-07-30 18:15:12,36.6167,101.7667,54.84,88,80,4.05
397,Saint George,US,2022-07-30 18:11:36,37.1041,-113.5841,91.63,44,0,10.36
398,Celestun,MX,2022-07-30 18:15:12,20.8667,-90.4,86.9,59,35,5.37
399,Dukat,RU,2022-07-30 18:15:13,62.55,155.55,42.71,88,19,4.7
400,Shillong,IN,2022-07-30 18:15:13,25.5689,91.8831,63.16,98,99,4.85
401,Denpasar,ID,2022-07-30 18:12:38,-8.65,115.2167,78.46,88,20,10.36
402,Karimpur,IN,2022-07-30 18:15:14,23.9667,88.6167,83.5,75,97,10.94
403,Kesinga,IN,2022-07-30 18:15:14,20.2,83.2333,84.7,68,99,4.05
404,Aklavik,CA,2022-07-30 18:15:15,68.2191,-135.0107,46.4,81,75,3.44
405,Kaitangata,NZ,2022-07-30 18:15:15,-46.2817,169.8464,36.72,91,53,9.48
406,Noci,IT,2022-07-30 18:15:16,40.7907,17.1317,85.57,83,20,6.91
407,Sept-Iles,CA,2022-07-30 18:15:17,50.2001,-66.3821,71.6,70,83,11.5
408,Sarkand,KZ,2022-07-30 18:15:17,45.41,79.9186,67.91,49,59,6.2
409,Arcata,US,2022-07-30 18:15:17,40.8665,-124.0828,62.26,85,100,5.75
410,Amuntai,ID,2022-07-30 18:15:18,-2.4177,115.2494,73.81,100,100,0.36
411,Henties Bay,NA,2022-07-30 18:15:19,-22.116,14.2845,54.82,90,12,8.86
412,Kendallville,US,2022-07-30 18:16:19,41.4414,-85.265,80.65,57,75,3.44
413,Saint-Georges,GD,2022-07-30 18:16:20,12.0564,-61.7485,85.68,74,20,23.02
414,Ust-Kulom,RU,2022-07-30 18:16:20,61.6864,53.6902,67.19,56,100,2.77
415,Sur,OM,2022-07-30 18:16:21,22.5667,59.5289,85.96,67,16,11.88
416,Alice Springs,AU,2022-07-30 18:11:48,-23.7,133.8833,47.75,43,100,3.44
417,Kondinskoye,RU,2022-07-30 18:16:21,59.6481,67.41,63.28,81,62,4.85
418,Zaraza,VE,2022-07-30 18:16:22,9.3503,-65.3245,96.08,35,35,2.39
419,Kavieng,PG,2022-07-30 18:16:22,-2.5744,150.7967,81.43,77,79,10.58
420,Quatre Cocos,MU,2022-07-30 18:16:23,-20.2078,57.7625,70.09,74,65,20.8
421,Coihaique,CL,2022-07-30 18:16:02,-45.5752,-72.0662,44.55,53,40,3.44
422,Golega,PT,2022-07-30 18:16:23,39.4047,-8.4863,98.96,51,0,1.99
423,Quimper,FR,2022-07-30 18:15:34,48.0,-4.1,68.58,77,100,5.75
424,Cururupu,BR,2022-07-30 18:16:24,-1.8283,-44.8683,86.99,56,40,6.8
425,Saint-Pierre,RE,2022-07-30 18:13:08,-21.3393,55.4781,70.92,79,20,5.75
426,General Pico,AR,2022-07-30 18:16:25,-35.6566,-63.7568,67.03,24,85,10.78
427,Grindavik,IS,2022-07-30 18:16:25,63.8424,-22.4338,53.55,76,40,16.11
428,Mehamn,NO,2022-07-30 18:16:25,71.0357,27.8492,49.95,93,100,6.91
429,Souillac,MU,2022-07-30 18:16:26,-20.5167,57.5167,70.18,78,40,19.57
430,Hondo,JP,2022-07-30 18:16:26,32.45,130.2,81.61,80,100,15.39
431,Moa,CU,2022-07-30 18:16:27,20.6569,-74.9403,86.36,63,15,14.25
432,Krasnozerskoye,RU,2022-07-30 18:16:27,53.9828,79.2374,65.03,80,98,7.4
433,Rio Branco,BR,2022-07-30 18:16:28,-9.9747,-67.81,88.41,45,0,3.44
434,Maumere,ID,2022-07-30 18:16:28,-8.6199,122.2111,74.97,81,77,7.54
435,Kochki,RU,2022-07-30 18:16:28,54.3358,80.4806,63.7,91,89,6.24
436,Catuday,PH,2022-07-30 18:16:29,16.2923,119.8062,79.93,82,99,12.08
437,Kholtoson,RU,2022-07-30 18:16:29,50.2981,103.3097,54.0,77,92,3.53
438,Longjiang,CN,2022-07-30 18:16:30,47.3303,123.1836,68.9,94,83,5.55
439,San,ML,2022-07-30 18:16:30,13.3034,-4.8956,85.05,52,95,9.46
440,Nouadhibou,MR,2022-07-30 18:16:30,20.931,-17.0347,73.38,78,13,20.71
441,San Andres,CO,2022-07-30 18:16:31,12.5847,-81.7006,87.82,74,40,13.8
442,Tuatapere,NZ,2022-07-30 18:16:31,-46.1333,167.6833,37.8,91,94,5.55
443,Lluta,PE,2022-07-30 18:16:31,-16.0147,-72.0142,63.59,18,57,10.92
444,Bam,IR,2022-07-30 18:16:32,29.106,58.357,92.95,28,79,2.53
445,Kupang,ID,2022-07-30 18:16:32,-10.1667,123.5833,75.42,83,66,11.25
446,Kaduqli,SD,2022-07-30 18:16:33,11.0167,29.7167,77.2,74,76,1.9
447,Hofn,IS,2022-07-30 18:16:33,64.2539,-15.2082,50.11,64,100,9.22
448,Jackson,US,2022-07-30 18:16:34,42.4165,-122.8345,95.76,40,0,1.01
449,Columbia,US,2022-07-30 18:16:34,34.0007,-81.0348,96.48,52,0,8.05
450,Saint-Augustin,CA,2022-07-30 18:16:35,51.226,-58.6502,68.95,68,91,15.9
451,Santa Ana,US,2022-07-30 18:16:35,33.7456,-117.8678,90.41,61,75,8.05
452,Bocaiuva,BR,2022-07-30 18:15:57,-17.1078,-43.815,89.31,17,0,9.62
453,Garachine,PA,2022-07-30 18:16:36,8.0647,-78.3628,84.13,77,86,3.87
454,Tavda,RU,2022-07-30 18:16:36,58.0425,65.2726,64.72,79,100,5.12
455,Acapulco,MX,2022-07-30 18:16:37,16.8634,-99.8901,85.82,74,75,9.22
456,San Nicolas,PH,2022-07-30 18:16:37,18.1725,120.5953,78.71,94,20,2.3
457,Zurrieq,MT,2022-07-30 18:17:37,35.8311,14.4742,85.51,62,0,11.5
458,Kyshtovka,RU,2022-07-30 18:17:38,56.555,76.6271,65.35,75,94,6.02
459,Ilula,TZ,2022-07-30 18:17:38,-7.6766,36.0366,60.89,87,98,5.3
460,Bloemfontein,ZA,2022-07-30 18:17:39,-29.1211,26.214,47.68,40,0,8.05
461,Lagos,NG,2022-07-30 18:15:49,6.5833,3.75,75.97,81,98,8.14
462,Sivaki,RU,2022-07-30 18:17:39,52.6333,126.75,62.94,93,95,5.66
463,Ilheus,BR,2022-07-30 18:17:40,-14.7889,-39.0494,82.22,78,0,6.91
464,Vostok,RU,2022-07-30 18:17:40,46.4856,135.8833,64.29,99,64,4.54
465,Guerrero Negro,MX,2022-07-30 18:17:41,27.9769,-114.0611,80.08,48,45,7.52
466,Hami,CN,2022-07-30 18:17:41,42.8,93.45,90.5,17,83,17.29
467,Chumikan,RU,2022-07-30 18:17:42,54.7183,135.315,53.94,99,100,4.74
468,Kampen,NL,2022-07-30 18:17:42,52.555,5.9111,72.18,61,95,4.94
469,Nikel,RU,2022-07-30 18:17:43,69.4128,30.222,50.18,94,100,14.5
470,Batticaloa,LK,2022-07-30 18:17:43,7.7102,81.6924,80.22,79,100,4.65
471,Livingston,GB,2022-07-30 18:17:44,55.9029,-3.5226,70.21,64,40,8.05
472,Mnogovershinnyy,RU,2022-07-30 18:17:44,53.9353,139.9242,53.31,99,100,3.91
473,Katherine,AU,2022-07-30 18:17:44,-14.4667,132.2667,59.32,67,23,3.44
474,Aleksandrov Gay,RU,2022-07-30 18:17:45,50.147,48.5704,81.79,35,36,7.25
475,Rapid City,US,2022-07-30 18:17:45,44.0805,-103.231,94.46,34,0,5.99
476,Svetlaya,RU,2022-07-30 18:17:46,46.5389,138.3297,70.39,81,24,8.28
477,Sechura,PE,2022-07-30 18:17:46,-5.5569,-80.8222,75.92,59,6,12.33
478,Laguna,US,2022-07-30 18:17:46,38.421,-121.4238,88.09,58,0,8.05
479,Bandar-E Lengeh,IR,2022-07-30 18:17:47,26.5579,54.8807,91.51,66,93,0.0
480,Mandasa,IN,2022-07-30 18:17:47,18.8667,84.4667,81.75,84,99,6.58
481,Rolla,US,2022-07-30 18:14:01,37.9514,-91.7713,76.01,73,100,7.63
482,Zahir Pir,PK,2022-07-30 18:17:48,28.8124,70.524,91.92,57,100,17.16
483,Port Blair,IN,2022-07-30 18:17:48,11.6667,92.75,80.64,89,40,2.3
484,San Juan,AR,2022-07-30 18:17:22,-31.5375,-68.5364,67.8,22,26,9.73
485,Arica,CL,2022-07-30 18:17:49,-18.475,-70.3042,65.75,67,75,10.36
486,La Asuncion,VE,2022-07-30 18:17:49,11.0333,-63.8628,94.73,46,8,14.97
487,Posse,BR,2022-07-30 18:17:49,-14.0931,-46.3694,89.04,14,21,6.64
488,Senekal,ZA,2022-07-30 18:17:50,-28.3197,27.6208,54.45,42,90,6.78
489,Moron,AR,2022-07-30 18:13:18,-34.6534,-58.6198,69.69,49,1,3.98
490,Mgachi,RU,2022-07-30 18:17:50,51.05,142.2667,58.48,97,100,8.77
491,Labuhan,ID,2022-07-30 18:17:51,-6.8844,112.2051,74.86,84,72,9.01
492,Palmer,US,2022-07-30 18:13:29,42.1584,-72.3287,84.2,46,20,13.8
493,Xuddur,SO,2022-07-30 18:17:51,4.1213,43.8894,80.47,45,94,20.42
494,Pavlivka,UA,2022-07-30 18:17:52,49.4414,28.4596,75.9,33,73,8.72
495,Oron,NG,2022-07-30 18:17:52,4.8256,8.2343,74.3,91,100,3.47
496,Tombouctou,ML,2022-07-30 18:17:52,20.0,-3.0,99.52,25,32,4.18
497,Richards Bay,ZA,2022-07-30 18:13:52,-28.783,32.0377,66.79,75,86,6.69
498,Sola,VU,2022-07-30 18:17:53,-13.8833,167.55,80.08,73,100,11.65
499,Shubarshi,KZ,2022-07-30 18:17:54,48.5872,57.1869,75.83,37,33,9.98
500,China,MX,2022-07-30 18:17:54,25.7,-99.2333,97.56,25,5,19.8
501,Tabou,CI,2022-07-30 18:17:55,4.423,-7.3528,77.16,73,87,9.55
502,Nzega,RW,2022-07-30 18:17:55,-2.479,29.5564,57.83,88,86,3.09
503,Jurm,AF,2022-07-30 18:17:56,36.8648,70.8342,70.16,37,76,2.82
504,Marawi,PH,2022-07-30 18:17:56,7.9986,124.2928,68.86,92,100,2.44
505,Luderitz,NA,2022-07-30 18:18:56,-26.6481,15.1594,56.71,63,47,23.76
506,Sainte-Marie,RE,2022-07-30 18:18:57,-20.8968,55.5496,71.42,75,75,19.57
507,Codrington,AU,2022-07-30 18:18:57,-38.2667,141.9667,50.85,63,100,17.83
508,Kieta,PG,2022-07-30 18:18:58,-6.2167,155.6333,77.41,83,46,6.17
509,Tiksi,RU,2022-07-30 18:18:58,71.6872,128.8694,45.19,87,49,1.5
510,Tchibanga,GA,2022-07-30 18:18:59,-2.85,11.0333,73.08,74,75,5.37
511,Tambura,SS,2022-07-30 18:18:59,5.6,27.4667,68.67,92,100,4.47
512,Opuwo,NA,2022-07-30 18:19:00,-18.0607,13.84,64.45,28,12,9.31
513,Trairi,BR,2022-07-30 18:16:57,-3.2778,-39.2689,83.03,69,55,11.54
514,Talakan,RU,2022-07-30 18:19:00,50.3167,130.3667,66.25,97,3,1.5
515,Anderson,US,2022-07-30 18:19:01,34.5334,-82.6499,92.25,53,0,3.44
516,Kosonsoy,UZ,2022-07-30 18:19:01,41.2561,71.5508,72.16,42,63,5.53
517,Guarapari,BR,2022-07-30 18:17:36,-20.6667,-40.4975,69.89,72,96,10.69
518,Mengcheng,CN,2022-07-30 18:19:02,33.2579,116.5655,75.52,97,3,4.81
519,Tubmanburg,LR,2022-07-30 18:19:02,6.8708,-10.8172,79.21,68,85,6.31
520,Nhulunbuy,AU,2022-07-30 18:19:03,-12.2333,136.7667,72.21,94,75,6.91
521,Kousseri,CM,2022-07-30 18:19:03,12.0769,15.0306,75.61,78,94,5.75
522,Gigmoto,PH,2022-07-30 18:19:03,13.7796,124.39,80.67,86,100,7.72
523,Baykit,RU,2022-07-30 18:19:04,61.67,96.37,64.15,96,3,4.88
524,Rundu,NA,2022-07-30 18:19:04,-17.9333,19.7667,65.73,22,0,3.56
525,Kargasok,RU,2022-07-30 18:19:05,59.0556,80.8572,63.7,80,76,7.56
526,Altamont,US,2022-07-30 18:19:05,42.2068,-121.7372,94.89,21,20,4.61
527,Kurilsk,RU,2022-07-30 18:19:06,45.2333,147.8833,65.07,83,65,6.55
528,Marzuq,YE,2022-07-30 18:19:06,14.4,46.4667,82.08,57,26,11.48
529,Tiarei,PF,2022-07-30 18:19:07,-17.5333,-149.3333,77.02,74,5,24.9
530,Grootfontein,NA,2022-07-30 18:19:07,-19.5667,18.1167,63.97,25,1,4.61
531,Morro Bay,US,2022-07-30 18:19:08,35.3658,-120.8499,85.71,51,68,7.0
532,Moose Factory,CA,2022-07-30 18:19:08,51.2585,-80.6094,71.6,73,75,12.66
533,Ardesen,TR,2022-07-30 18:15:59,41.1911,40.9875,74.62,78,45,1.81
534,Changde,CN,2022-07-30 18:19:09,29.0464,111.6783,77.67,81,0,1.81
535,Northam,GB,2022-07-30 18:19:09,51.0333,-4.2167,69.39,95,93,16.46
536,Bara,NG,2022-07-30 18:19:09,10.3744,10.7288,73.08,87,100,4.7
537,Rodrigues Alves,BR,2022-07-30 18:19:10,-7.738,-72.6509,88.0,36,13,1.43
538,Rio Gallegos,AR,2022-07-30 18:19:10,-51.6226,-69.2181,46.45,49,75,21.85
539,Shizunai,JP,2022-07-30 18:19:11,42.3339,142.3669,69.35,89,10,3.22
540,Kavaratti,IN,2022-07-30 18:19:11,10.5669,72.642,81.39,83,69,17.67
541,Yeniseysk,RU,2022-07-30 18:19:11,58.4497,92.1703,62.49,98,97,3.8
542,Dhidhdhoo,MV,2022-07-30 18:19:12,6.8833,73.1,81.46,79,79,18.07
543,Nokaneng,BW,2022-07-30 18:19:13,-19.6667,22.2667,66.87,22,0,2.1
544,Bonfim,BR,2022-07-30 18:19:13,3.0833,-59.95,73.94,93,99,3.94
545,Chornobayivka,UA,2022-07-30 18:19:14,46.6941,32.5537,78.75,29,17,8.81
546,Joshimath,IN,2022-07-30 18:19:14,30.5667,79.5667,69.73,95,95,1.74
547,Clyde,US,2022-07-30 18:18:06,41.3042,-82.9752,79.75,52,0,1.9
548,Bilma,NE,2022-07-30 18:19:15,18.6853,12.9164,97.0,18,87,13.02
549,Ambilobe,MG,2022-07-30 18:19:15,-13.2,49.05,69.55,79,30,4.9
550,Zhangjiakou,CN,2022-07-30 18:19:16,40.81,114.8794,68.94,91,34,5.82
551,Miedzychod,PL,2022-07-30 18:19:16,52.5988,15.897,72.37,88,100,1.1
552,Rosarito,MX,2022-07-30 18:20:17,32.3333,-117.0333,84.63,66,37,6.49
553,Sennoy,RU,2022-07-30 18:20:09,52.1509,46.9631,66.49,91,63,7.34
554,San Jose,US,2022-07-30 18:15:51,37.3394,-121.895,79.54,60,75,5.75
555,Teahupoo,PF,2022-07-30 18:19:45,-17.8333,-149.2667,71.56,75,24,23.22
556,Camopi,GF,2022-07-30 18:20:18,3.1655,-52.3158,81.46,85,29,4.0
557,Mpika,ZM,2022-07-30 18:20:18,-11.8343,31.4529,55.44,63,39,3.78
558,Hun,LY,2022-07-30 18:20:19,29.1268,15.9477,93.43,18,0,10.47
559,Kunashak,RU,2022-07-30 18:20:19,55.7032,61.5498,63.12,68,93,6.71
560,Springbok,ZA,2022-07-30 18:20:19,-29.6643,17.8865,43.39,71,59,4.38
561,Bodden Town,KY,2022-07-30 18:20:20,19.2833,-81.25,89.6,62,20,9.22
562,Bambous Virieux,MU,2022-07-30 18:20:20,-20.3428,57.7575,70.21,78,40,19.57
563,Avera,US,2022-07-30 18:20:21,33.194,-82.5271,92.71,39,67,8.12
564,Rio Grande,BR,2022-07-30 18:20:21,-32.035,-52.0986,68.11,54,1,0.96
565,Kulhudhuffushi,MV,2022-07-30 18:20:22,6.6221,73.07,80.85,81,91,17.13
566,Boddam,GB,2022-07-30 18:20:22,57.4667,-1.7833,66.58,90,96,8.93
567,Ocosingo,MX,2022-07-30 18:20:22,17.0667,-92.25,75.96,65,73,4.16
568,Ilulissat,GL,2022-07-30 18:20:23,69.2167,-51.1,46.42,93,75,2.3
569,Beringovskiy,RU,2022-07-30 18:20:23,63.05,179.3167,49.6,75,100,1.74
570,Bandarbeyla,SO,2022-07-30 18:20:24,9.4942,50.8122,76.19,83,6,29.37
571,Kristiinankaupunki,FI,2022-07-30 18:20:24,62.2743,21.376,59.52,68,8,6.11
572,Lieksa,FI,2022-07-30 18:20:25,63.3167,30.0167,51.06,91,100,9.24
573,Nyuksenitsa,RU,2022-07-30 18:20:25,60.4128,44.2397,60.87,75,58,4.36
574,Castlegar,CA,2022-07-30 18:15:28,49.2998,-117.6689,97.29,23,0,0.74
575,Rawson,AR,2022-07-30 18:20:26,-43.3002,-65.1023,52.0,46,5,10.85
